id,antecedents,consequents,support,confidence,lift,conviction
63,Onion,Banana,0.27586206896551724,0.6666666666666666,1.7575757575757576,1.8620689655172413
58,Lime,Spinach,0.27586206896551724,0.6666666666666666,1.7575757575757576,1.8620689655172413
61,Banana,Lime,0.27586206896551724,0.39999999999999997,1.2888888888888888,1.1494252873563218
67,Grassmilk,Yogurt,0.27586206896551724,0.5714285714285714,1.5064935064935066,1.4482758620689655
70,Oil,Chips,0.27586206896551724,0.4444444444444444,1.074074074074074,1.0551724137931036
